{"frames": [

{
	"filename": "background",
	"frame": {"x":2,"y":2,"w":1024,"h":576},
	"rotated": false,
	"trimmed": false,
	"spriteSourceSize": {"x":0,"y":0,"w":1024,"h":576},
	"sourceSize": {"w":1024,"h":576},
	"pivot": {"x":0.5,"y":0.5}
},
{
	"filename": "capguy/walk/0001",
	"frame": {"x":132,"y":580,"w":126,"h":252},
	"rotated": false,
	"trimmed": true,
	"spriteSourceSize": {"x":12,"y":3,"w":126,"h":252},
	"sourceSize": {"w":150,"h":259},
	"pivot": {"x":0.5,"y":0.5}
},
{
	"filename": "capguy/walk/0002",
	"frame": {"x":837,"y":580,"w":134,"h":241},
	"rotated": false,
	"trimmed": true,
	"spriteSourceSize": {"x":0,"y":7,"w":134,"h":241},
	"sourceSize": {"w":150,"h":259},
	"pivot": {"x":0.5,"y":0.5}
},
{
	"filename": "capguy/walk/0003",
	"frame": {"x":600,"y":580,"w":121,"h":245},
	"rotated": false,
	"trimmed": true,
	"spriteSourceSize": {"x":21,"y":2,"w":121,"h":245},
	"sourceSize": {"w":150,"h":259},
	"pivot": {"x":0.5,"y":0.5}
},
{
	"filename": "capguy/walk/0004",
	"frame": {"x":723,"y":580,"w":112,"h":244},
	"rotated": false,
	"trimmed": true,
	"spriteSourceSize": {"x":34,"y":1,"w":112,"h":244},
	"sourceSize": {"w":150,"h":259},
	"pivot": {"x":0.5,"y":0.5}
},
{
	"filename": "capguy/walk/0005",
	"frame": {"x":378,"y":580,"w":111,"h":248},
	"rotated": false,
	"trimmed": true,
	"spriteSourceSize": {"x":27,"y":3,"w":111,"h":248},
	"sourceSize": {"w":150,"h":259},
	"pivot": {"x":0.5,"y":0.5}
},
{
	"filename": "capguy/walk/0006",
	"frame": {"x":491,"y":580,"w":107,"h":248},
	"rotated": false,
	"trimmed": true,
	"spriteSourceSize": {"x":24,"y":7,"w":107,"h":248},
	"sourceSize": {"w":150,"h":259},
	"pivot": {"x":0.5,"y":0.5}
},
{
	"filename": "capguy/walk/0007",
	"frame": {"x":260,"y":580,"w":116,"h":250},
	"rotated": false,
	"trimmed": true,
	"spriteSourceSize": {"x":26,"y":2,"w":116,"h":250},
	"sourceSize": {"w":150,"h":259},
	"pivot": {"x":0.5,"y":0.5}
},
{
	"filename": "capguy/walk/0008",
	"frame": {"x":2,"y":580,"w":128,"h":255},
	"rotated": false,
	"trimmed": true,
	"spriteSourceSize": {"x":18,"y":1,"w":128,"h":255},
	"sourceSize": {"w":150,"h":259},
	"pivot": {"x":0.5,"y":0.5}
}],
"meta": {
	"app": "http://www.codeandweb.com/texturepacker",
	"version": "1.0",
	"image": "cityscene.png",
	"format": "INDEXED",
	"size": {"w":1028,"h":837},
	"scale": "1",
	"smartupdate": "$TexturePacker:SmartUpdate:6aa2d7724bae7171a7fa4380e1c3f29d:b508a57bf89983cd79ceff50049d71bb:292542e6853f316339413b9243f95b10$"
}
}
